Date,Großspeicher,Gewerbespeicher,Heimspeicher
1970-01-31 00:00:00,0,0,0.000014599999999999999
1970-02-28 00:00:00,0,0,0.0000474
1970-03-31 00:00:00,0,0,0.00007044
1970-04-30 00:00:00,0,0,0.00007044
1970-05-31 00:00:00,0,0,0.0000951
1970-06-30 00:00:00,0,0,0.00011489999999999999
1970-07-31 00:00:00,0,0,0.0001413
1970-08-31 00:00:00,0,0,0.00017729999999999997
1970-09-30 00:00:00,0,0,0.00018377999999999998
1970-10-31 00:00:00,0,0,0.00020185999999999997
1970-11-30 00:00:00,0,0,0.00024845999999999994
1970-12-31 00:00:00,0,0,0.0002562599999999999
1971-01-31 00:00:00,0,0,0.00028561999999999994
1971-02-28 00:00:00,0,0,0.00030591999999999994
1971-03-31 00:00:00,0,0,0.00032711999999999997
1971-04-30 00:00:00,0,0,0.00034072
1971-05-31 00:00:00,0,0,0.00036076799999999997
1971-06-30 00:00:00,0,0,0.00036816799999999993
1971-07-31 00:00:00,0,0,0.00038551799999999995
1971-08-31 00:00:00,0,0,0.00040201799999999997
1971-09-30 00:00:00,0,0,0.000411618
1971-10-31 00:00:00,0,0,0.000421088
1971-11-30 00:00:00,0,0,0.00043132800000000003
1971-12-31 00:00:00,0,0,0.00043644800000000003
1972-01-31 00:00:00,0,0,0.000468288
1972-02-29 00:00:00,0,0,0.00047864800000000003
1972-03-31 00:00:00,0,0,0.00047864800000000003
1972-04-30 00:00:00,0,0,0.000491648
1972-05-31 00:00:00,0,0,0.000515448
1972-06-30 00:00:00,0,0.00003,0.000525448
1972-07-31 00:00:00,0,0.00003,0.000541548
1972-08-31 00:00:00,0,0.00003,0.000560748
1972-09-30 00:00:00,0,0.00003,0.000594528
1972-10-31 00:00:00,0,0.00003,0.000602028
1972-11-30 00:00:00,0,0.00003,0.000624628
1972-12-31 00:00:00,0,0.00003,0.000624628
1973-01-31 00:00:00,0,0.00003,0.000639628
1973-02-28 00:00:00,0,0.00003,0.000639628
1973-03-31 00:00:00,0,0.00007,0.000639628
1973-04-30 00:00:00,0,0.00007,0.000677628
1973-05-31 00:00:00,0,0.00007,0.0006846280000000001
1973-06-30 00:00:00,0,0.00007,0.0006896280000000001
1973-07-31 00:00:00,0,0.00007,0.000741998
1973-08-31 00:00:00,0,0.00007,0.000800748
1973-09-30 00:00:00,0,0.00007,0.000805748
1973-10-31 00:00:00,0,0.00007,0.000831248
1973-11-30 00:00:00,0,0.00007,0.0008428480000000001
1973-12-31 00:00:00,0,0.00007,0.0008477080000000001
1974-01-31 00:00:00,0,0.00007,0.0008694280000000001
1974-02-28 00:00:00,0,0.00007,0.0008860280000000002
1974-03-31 00:00:00,0,0.00007,0.0008880280000000001
1974-04-30 00:00:00,0,0.00007,0.0008974980000000002
1974-05-31 00:00:00,0,0.00007,0.0008990980000000002
1974-06-30 00:00:00,0,0.00007,0.0009374980000000002
1974-07-31 00:00:00,0,0.00007,0.0009792580000000002
1974-08-31 00:00:00,0,0.00007,0.0010112580000000001
1974-09-30 00:00:00,0,0.00007,0.0010350980000000001
1974-10-31 00:00:00,0,0.00007,0.0010527980000000002
1974-11-30 00:00:00,0,0.00007,0.0010577980000000002
1974-12-31 00:00:00,0,0.00007,0.0010597980000000003
1975-01-31 00:00:00,0,0.00007,0.0010799580000000002
1975-02-28 00:00:00,0,0.00007,0.0010915580000000003
1975-03-31 00:00:00,0,0.00007,0.0011080580000000003
1975-04-30 00:00:00,0,0.00007,0.0011501780000000004
1975-05-31 00:00:00,0,0.00007,0.0011501780000000004
1975-06-30 00:00:00,0,0.00007,0.0011552980000000001
1975-07-31 00:00:00,0,0.00007,0.0011656980000000004
1975-08-31 00:00:00,0,0.00007,0.0011656980000000004
1975-09-30 00:00:00,0,0.00007,0.0012102180000000003
1975-10-31 00:00:00,0,0.00007,0.0012310480000000002
1975-11-30 00:00:00,0,0.00007,0.0012766480000000002
1975-12-31 00:00:00,0,0.00007,0.0013006480000000002
1976-01-31 00:00:00,0,0.00007,0.001302248
1976-02-29 00:00:00,0,0.00007,0.001330548
1976-03-31 00:00:00,0,0.00007,0.0013764580000000001
1976-04-30 00:00:00,0,0.00007,0.001398258
1976-05-31 00:00:00,0,0.00007,0.001416318
1976-06-30 00:00:00,0,0.00007,0.001425598
1976-07-31 00:00:00,0,0.00007,0.001445598
1976-08-31 00:00:00,0,0.00007,0.001479528
1976-09-30 00:00:00,0,0.00007,0.0014866279999999998
1976-10-31 00:00:00,0,0.00007,0.0015228379999999999
1976-11-30 00:00:00,0,0.00007,0.001540358
1976-12-31 00:00:00,0,0.00007,0.001560358
1977-01-31 00:00:00,0,0.00007,0.001589068
1977-02-28 00:00:00,0,0.00007,0.001604108
1977-03-31 00:00:00,0,0.00007,0.001623308
1977-04-30 00:00:00,0,0.00007,0.0016677080000000002
1977-05-31 00:00:00,0,0.00007,0.0016677080000000002
1977-06-30 00:00:00,0,0.00007,0.0016677080000000002
1977-07-31 00:00:00,0,0.00007,0.0016677080000000002
1977-08-31 00:00:00,0,0.00007,0.001696508
1977-09-30 00:00:00,0,0.00007,0.0017266680000000002
1977-10-31 00:00:00,0,0.00007,0.001736618
1977-11-30 00:00:00,0,0.00007,0.0017739580000000002
1977-12-31 00:00:00,0,0.00007,0.001789258
1978-01-31 00:00:00,0,0.00007,0.001807508
1978-02-28 00:00:00,0,0.00007,0.001817508
1978-03-31 00:00:00,0,0.00007,0.0018499480000000001
1978-04-30 00:00:00,0,0.00007,0.001866548
1978-05-31 00:00:00,0,0.00007,0.001893558
1978-06-30 00:00:00,0,0.00007,0.001904218
1978-07-31 00:00:00,0,0.00007,0.001904218
1978-08-31 00:00:00,0,0.00007,0.0019377580000000001
1978-09-30 00:00:00,0,0.00007,0.001965388
1978-10-31 00:00:00,0,0.00007,0.001974988
1978-11-30 00:00:00,0,0.00007,0.001984708
1978-12-31 00:00:00,0,0.00007,0.001998508
1979-01-31 00:00:00,0,0.00007,0.002008708
1979-02-28 00:00:00,0,0.00007,0.002008708
1979-03-31 00:00:00,0,0.00007,0.002018538
1979-04-30 00:00:00,0,0.00007,0.002035688
1979-05-31 00:00:00,0,0.00007,0.002055008
1979-06-30 00:00:00,0,0.00007,0.0020882080000000003
1979-07-31 00:00:00,0,0.00007,0.002122368
1979-08-31 00:00:00,0,0.00007,0.0021420679999999996
1979-09-30 00:00:00,0,0.00007,0.0021420679999999996
1979-10-31 00:00:00,0,0.00007,0.002153108
1979-11-30 00:00:00,0,0.00007,0.0021721479999999996
1979-12-31 00:00:00,0,0.00007,0.0021817479999999994
1980-01-31 00:00:00,0,0.00007,0.0022233279999999997
1980-02-29 00:00:00,0,0.00007,0.002244998
1980-03-31 00:00:00,0,0.00007,0.002253318
1980-04-30 00:00:00,0,0.00007,0.0022734179999999997
1980-05-31 00:00:00,0,0.00007,0.0022734179999999997
1980-06-30 00:00:00,0,0.00007,0.002308218
1980-07-31 00:00:00,0,0.00007,0.002308218
1980-08-31 00:00:00,0,0.00007,0.002342618
1980-09-30 00:00:00,0,0.00007,0.002342618
1980-10-31 00:00:00,0,0.00007,0.002354218
1980-11-30 00:00:00,0,0.00007,0.002368518
1980-12-31 00:00:00,0,0.00007,0.002368518
1981-01-31 00:00:00,0,0.00007,0.002378958
1981-02-28 00:00:00,0,0.00007,0.002397958
1981-03-31 00:00:00,0,0.00007,0.002402958
1981-04-30 00:00:00,0,0.00007,0.002425598
1981-05-31 00:00:00,0,0.00007,0.002425598
1981-06-30 00:00:00,0,0.00007,0.002441498
1981-07-31 00:00:00,0,0.00007,0.002465368
1981-08-31 00:00:00,0,0.00007,0.002480768
1981-09-30 00:00:00,0,0.00007,0.002503268
1981-10-31 00:00:00,0,0.00007,0.002503268
1981-11-30 00:00:00,0,0.00007,0.002503268
1981-12-31 00:00:00,0,0.00007,0.002521508
1982-01-31 00:00:00,0,0.00007,0.002521508
1982-02-28 00:00:00,0,0.00007,0.002521508
1982-03-31 00:00:00,0,0.00007,0.002531108
1982-04-30 00:00:00,0,0.00007,0.0025336079999999997
1982-05-31 00:00:00,0,0.00007,0.0025748079999999996
1982-06-30 00:00:00,0,0.00007,0.0026001979999999993
1982-07-31 00:00:00,0,0.00007,0.0026286779999999993
1982-08-31 00:00:00,0,0.00007,0.0026512779999999995
1982-09-30 00:00:00,0,0.00007,0.0026731779999999996
1982-10-31 00:00:00,0,0.00007,0.0026987779999999993
1982-11-30 00:00:00,0,0.00010108,0.0027285979999999996
1982-12-31 00:00:00,0,0.00010108,0.0027435979999999994
1983-01-31 00:00:00,0,0.00010108,0.0027772279999999996
1983-02-28 00:00:00,0,0.00010108,0.0027880279999999997
1983-03-31 00:00:00,0,0.00010108,0.002820258
1983-04-30 00:00:00,0,0.00010108,0.002820258
1983-05-31 00:00:00,0,0.00010108,0.002828898
1983-06-30 00:00:00,0,0.00010108,0.0028531079999999996
1983-07-31 00:00:00,0,0.00010108,0.002868108
1983-08-31 00:00:00,0,0.00010108,0.002868108
1983-09-30 00:00:00,0,0.00010108,0.0028777079999999997
1983-10-31 00:00:00,0,0.00010108,0.0028976679999999995
1983-11-30 00:00:00,0,0.00010108,0.002913168
1983-12-31 00:00:00,0,0.00010108,0.002938488
1984-01-31 00:00:00,0,0.00010108,0.002951808
1984-02-29 00:00:00,0,0.00010108,0.002971108
1984-03-31 00:00:00,0,0.00015084,0.002986608
1984-04-30 00:00:00,0,0.00015084,0.002986608
1984-05-31 00:00:00,0,0.00019584,0.003020548
1984-06-30 00:00:00,0,0.00019584,0.003020548
1984-07-31 00:00:00,0,0.00019584,0.003040548
1984-08-31 00:00:00,0,0.00019584,0.003050148
1984-09-30 00:00:00,0,0.00019584,0.003073148
1984-10-31 00:00:00,0,0.00019584,0.003077348
1984-11-30 00:00:00,0,0.00019584,0.003077348
1984-12-31 00:00:00,0,0.00019584,0.0031114479999999997
1985-01-31 00:00:00,0,0.00019584,0.003128148
1985-02-28 00:00:00,0,0.00019584,0.003176648
1985-03-31 00:00:00,0,0.00019584,0.0031915679999999997
1985-04-30 00:00:00,0,0.00019584,0.003199568
1985-05-31 00:00:00,0,0.00019584,0.003211968
1985-06-30 00:00:00,0,0.00019584,0.0032302079999999996
1985-07-31 00:00:00,0,0.00019584,0.0032442079999999997
1985-08-31 00:00:00,0,0.00019584,0.003260008
1985-09-30 00:00:00,0,0.00019584,0.003282008
1985-10-31 00:00:00,0,0.00019584,0.0032930079999999996
1985-11-30 00:00:00,0,0.00019584,0.0032930079999999996
1985-12-31 00:00:00,0,0.00019584,0.003324848
1986-01-31 00:00:00,0,0.00019584,0.003334448
1986-02-28 00:00:00,0,0.00019584,0.003334448
1986-03-31 00:00:00,0,0.00019584,0.003334448
1986-04-30 00:00:00,0,0.00019584,0.003356948
1986-05-31 00:00:00,0,0.00019584,0.003356948
1986-06-30 00:00:00,0,0.00019584,0.003356948
1986-07-31 00:00:00,0,0.00019584,0.0033871879999999997
1986-08-31 00:00:00,0,0.00019584,0.0033961879999999996
1986-09-30 00:00:00,0,0.00019584,0.003418068
1986-10-31 00:00:00,0,0.00019584,0.003418068
1986-11-30 00:00:00,0,0.00019584,0.0034430679999999996
1986-12-31 00:00:00,0,0.00019584,0.0034581679999999997
1987-01-31 00:00:00,0,0.00019584,0.0034684079999999996
1987-02-28 00:00:00,0,0.00019584,0.0034684079999999996
1987-03-31 00:00:00,0,0.00019584,0.0034785279999999994
1987-04-30 00:00:00,0,0.00019584,0.0034975979999999993
1987-05-31 00:00:00,0,0.00019584,0.0035210979999999994
1987-06-30 00:00:00,0,0.00019584,0.0035353379999999994
1987-07-31 00:00:00,0,0.00019584,0.003546337999999999
1987-08-31 00:00:00,0,0.00019584,0.0035538379999999993
1987-09-30 00:00:00,0,0.00019584,0.003582287999999999
1987-10-31 00:00:00,0,0.00019584,0.003582287999999999
1987-11-30 00:00:00,0,0.00019584,0.003584397999999999
1987-12-31 00:00:00,0,0.00019584,0.0036053979999999992
1988-01-31 00:00:00,0,0.00019584,0.003620917999999999
1988-02-29 00:00:00,0,0.00019584,0.003663417999999999
1988-03-31 00:00:00,0,0.00019584,0.0036874579999999994
1988-04-30 00:00:00,0,0.00019584,0.0037011079999999994
1988-05-31 00:00:00,0,0.00019584,0.003763727999999999
1988-06-30 00:00:00,0,0.00019584,0.003773727999999999
1988-07-31 00:00:00,0,0.00019584,0.003784427999999999
1988-08-31 00:00:00,0,0.00019584,0.003794787999999999
1988-09-30 00:00:00,0,0.00019584,0.003819037999999999
1988-10-31 00:00:00,0,0.00019584,0.003841887999999999
1988-11-30 00:00:00,0,0.00019584,0.003852387999999999
1988-12-31 00:00:00,0,0.00019584,0.003855427999999999
1989-01-31 00:00:00,0,0.00019584,0.003869427999999999
1989-02-28 00:00:00,0,0.00019584,0.003869427999999999
1989-03-31 00:00:00,0,0.00019584,0.003884427999999999
1989-04-30 00:00:00,0,0.00019584,0.003884427999999999
1989-05-31 00:00:00,0,0.00019584,0.0038992579999999988
1989-06-30 00:00:00,0,0.00019584,0.003914257999999999
1989-07-31 00:00:00,0,0.00019584,0.003936057999999999
1989-08-31 00:00:00,0,0.00019584,0.003936057999999999
1989-09-30 00:00:00,0,0.00019584,0.003952057999999999
1989-10-31 00:00:00,0,0.00019584,0.003952057999999999
1989-11-30 00:00:00,0,0.00019584,0.003958957999999999
1989-12-31 00:00:00,0,0.00019584,0.003975557999999999
1990-01-31 00:00:00,0,0.00019584,0.004008097999999999
1990-02-28 00:00:00,0,0.00019584,0.004026108
1990-03-31 00:00:00,0,0.00019584,0.004026108
1990-04-30 00:00:00,0,0.00019584,0.004026108
1990-05-31 00:00:00,0,0.00019584,0.004026108
1990-06-30 00:00:00,0,0.00019584,0.004026108
1990-07-31 00:00:00,0,0.00019584,0.004033017999999999
1990-08-31 00:00:00,0,0.00019584,0.004069057999999999
1990-09-30 00:00:00,0,0.00019584,0.004069057999999999
1990-10-31 00:00:00,0,0.00019584,0.004097457999999999
1990-11-30 00:00:00,0,0.00019584,0.004111337999999999
1990-12-31 00:00:00,0,0.00019584,0.004111337999999999
1991-01-31 00:00:00,0,0.00019584,0.004111337999999999
1991-02-28 00:00:00,0,0.00019584,0.004120137999999999
1991-03-31 00:00:00,0,0.00019584,0.004125297999999999
1991-04-30 00:00:00,0,0.00019584,0.004125297999999999
1991-05-31 00:00:00,0,0.00019584,0.004125297999999999
1991-06-30 00:00:00,0,0.00019584,0.004142577999999998
1991-07-31 00:00:00,0,0.00019584,0.004164277999999999
1991-08-31 00:00:00,0,0.00019584,0.004164277999999999
1991-09-30 00:00:00,0,0.00019584,0.0041743779999999986
1991-10-31 00:00:00,0,0.00019584,0.004187677999999999
1991-11-30 00:00:00,0,0.00019584,0.004238147999999999
1991-12-31 00:00:00,0,0.00019584,0.004238147999999999
1992-01-31 00:00:00,0,0.00019584,0.004238147999999999
1992-02-29 00:00:00,0,0.00019584,0.004238147999999999
1992-03-31 00:00:00,0,0.00019584,0.004251587999999999
1992-04-30 00:00:00,0,0.00019584,0.0042720879999999985
1992-05-31 00:00:00,0,0.00019584,0.0042720879999999985
1992-06-30 00:00:00,0,0.00019584,0.0042720879999999985
1992-07-31 00:00:00,0,0.00019584,0.0042772079999999985
1992-08-31 00:00:00,0,0.00019584,0.0042772079999999985
1992-09-30 00:00:00,0,0.00019584,0.0042826079999999985
1992-10-31 00:00:00,0,0.00019584,0.0042826079999999985
1992-11-30 00:00:00,0,0.00019584,0.0042826079999999985
1992-12-31 00:00:00,0,0.00019584,0.004288507999999998
1993-01-31 00:00:00,0,0.00019584,0.004294507999999998
1993-02-28 00:00:00,0,0.00019584,0.004294507999999998
1993-03-31 00:00:00,0,0.00019584,0.004305007999999998
1993-04-30 00:00:00,0,0.00019584,0.004329007999999998
1993-05-31 00:00:00,0,0.00019584,0.004329007999999998
1993-06-30 00:00:00,0,0.00019584,0.004329007999999998
1993-07-31 00:00:00,0,0.00019584,0.004329007999999998
1993-08-31 00:00:00,0,0.00019584,0.004338607999999998
1993-09-30 00:00:00,0,0.00019584,0.004349007999999998
1993-10-31 00:00:00,0,0.00019584,0.004354127999999998
1993-11-30 00:00:00,0,0.00019584,0.0043641279999999975
1993-12-31 00:00:00,0,0.00019584,0.0043784279999999984
1994-01-31 00:00:00,0,0.00019584,0.004383427999999998
1994-02-28 00:00:00,0,0.00019584,0.004396327999999998
1994-03-31 00:00:00,0,0.00019584,0.004408627999999998
1994-04-30 00:00:00,0,0.00019584,0.004408627999999998
1994-05-31 00:00:00,0,0.00019584,0.004408627999999998
1994-06-30 00:00:00,0,0.00019584,0.004408627999999998
1994-07-31 00:00:00,0,0.00019584,0.004408627999999998
1994-08-31 00:00:00,0,0.00019584,0.004408627999999998
1994-09-30 00:00:00,0,0.00019584,0.004418627999999998
1994-10-31 00:00:00,0,0.00019584,0.004418627999999998
1994-11-30 00:00:00,0,0.00019584,0.004418627999999998
1994-12-31 00:00:00,0,0.00019584,0.004428627999999998
1995-01-31 00:00:00,0,0.00019584,0.004428627999999998
1995-02-28 00:00:00,0,0.00019584,0.004428627999999998
1995-03-31 00:00:00,0,0.00019584,0.004444177999999998
1995-04-30 00:00:00,0,0.00019584,0.004453177999999998
1995-05-31 00:00:00,0,0.00019584,0.004453177999999998
1995-06-30 00:00:00,0,0.00019584,0.0044651779999999985
1995-07-31 00:00:00,0,0.00019584,0.004474177999999998
1995-08-31 00:00:00,0,0.00019584,0.004486977999999998
1995-09-30 00:00:00,0,0.00019584,0.004486977999999998
1995-10-31 00:00:00,0,0.00019584,0.004486977999999998
1995-11-30 00:00:00,0,0.00019584,0.0044889779999999985
1995-12-31 00:00:00,0,0.00019584,0.0044889779999999985
1996-01-31 00:00:00,0,0.00019584,0.004501777999999999
1996-02-29 00:00:00,0,0.00019584,0.004516113999999999
1996-03-31 00:00:00,0,0.00019584,0.004518713999999999
1996-04-30 00:00:00,0,0.00019584,0.004518713999999999
1996-05-31 00:00:00,0,0.00019584,0.004543314
1996-06-30 00:00:00,0,0.00019584,0.004543314
1996-07-31 00:00:00,0,0.00019584,0.004550994
1996-08-31 00:00:00,0,0.00019584,0.004550994
1996-09-30 00:00:00,0,0.00019584,0.004550994
1996-10-31 00:00:00,0,0.00019584,0.004557994
1996-11-30 00:00:00,0,0.00019584,0.004557994
1996-12-31 00:00:00,0,0.00019584,0.004557994
1997-01-31 00:00:00,0,0.00019584,0.004557994
1997-02-28 00:00:00,0,0.00019584,0.004557994
1997-03-31 00:00:00,0,0.00019584,0.004557994
1997-04-30 00:00:00,0,0.00019584,0.004559433999999999
1997-05-31 00:00:00,0,0.00019584,0.004564433999999999
1997-06-30 00:00:00,0,0.00019584,0.004564433999999999
1997-07-31 00:00:00,0,0.00019584,0.004564433999999999
1997-08-31 00:00:00,0,0.00019584,0.004564433999999999
1997-09-30 00:00:00,0,0.00019584,0.004564433999999999
1997-10-31 00:00:00,0,0.00019584,0.004564433999999999
1997-11-30 00:00:00,0,0.00019584,0.004571993999999999
1997-12-31 00:00:00,0,0.00019584,0.004571993999999999
1998-01-31 00:00:00,0,0.00019584,0.004571993999999999
1998-02-28 00:00:00,0,0.00019584,0.004571993999999999
1998-03-31 00:00:00,0,0.00019584,0.004584794
1998-04-30 00:00:00,0,0.00019584,0.004584794
1998-05-31 00:00:00,0,0.00019584,0.004595154
1998-06-30 00:00:00,0,0.00019584,0.004595154
1998-07-31 00:00:00,0,0.00019584,0.004595154
1998-08-31 00:00:00,0,0.00019584,0.004622454
1998-09-30 00:00:00,0,0.00019584,0.004622454
1998-10-31 00:00:00,0,0.00019584,0.0046356539999999995
1998-11-30 00:00:00,0,0.00019584,0.0046356539999999995
1998-12-31 00:00:00,0,0.00019584,0.0046356539999999995
1999-01-31 00:00:00,0,0.00019584,0.004656454
1999-02-28 00:00:00,0,0.00019584,0.004656454
1999-03-31 00:00:00,0,0.00019584,0.004675454
1999-04-30 00:00:00,0,0.00019584,0.004680454
1999-05-31 00:00:00,0,0.00019584,0.004680454
1999-06-30 00:00:00,0,0.00019584,0.004680454
1999-07-31 00:00:00,0,0.00019584,0.004680454
1999-08-31 00:00:00,0,0.00019584,0.004680454
1999-09-30 00:00:00,0,0.00019584,0.004680454
1999-10-31 00:00:00,0,0.00019584,0.004684453999999999
1999-11-30 00:00:00,0,0.00019584,0.004684453999999999
1999-12-31 00:00:00,0,0.00019584,0.004684453999999999
2000-01-31 00:00:00,0,0.00019584,0.004720874535849056
2000-02-29 00:00:00,0,0.00019584,0.004720874535849056
2000-03-31 00:00:00,0,0.00019584,0.004720874535849056
2000-04-30 00:00:00,0,0.00019584,0.004722374535849056
2000-05-31 00:00:00,0,0.00019584,0.004733874535849056
2000-06-30 00:00:00,0,0.00019584,0.004752374535849056
2000-07-31 00:00:00,0,0.00019584,0.0047734842272988695
2000-08-31 00:00:00,0,0.00019584,0.0047734842272988695
2000-09-30 00:00:00,0,0.00019584,0.0047734842272988695
2000-10-31 00:00:00,0,0.00019584,0.0047786042272988695
2000-11-30 00:00:00,0,0.00019584,0.004783504227298869
2000-12-31 00:00:00,0,0.00019584,0.004783504227298869
2001-01-31 00:00:00,0,0.00019584,0.00479025422729887
2001-02-28 00:00:00,0,0.00019584,0.00480005422729887
2001-03-31 00:00:00,0,0.00019584,0.00481385422729887
2001-04-30 00:00:00,0,0.00019584,0.00481385422729887
2001-05-31 00:00:00,0,0.00019584,0.00481385422729887
2001-06-30 00:00:00,0,0.00019584,0.004815294227298869
2001-07-31 00:00:00,0,0.00019584,0.004838414227298869
2001-08-31 00:00:00,0,0.00019584,0.004849914227298869
2001-09-30 00:00:00,0,0.00019584,0.00485171422729887
2001-10-31 00:00:00,0,0.00019584,0.00485771422729887
2001-11-30 00:00:00,0,0.00019584,0.004867714227298869
2001-12-31 00:00:00,0,0.00019584,0.004894304227298869
2002-01-31 00:00:00,0,0.00019584,0.00489598422729887
2002-02-28 00:00:00,0,0.00033984000000000005,0.00489798422729887
2002-03-31 00:00:00,0,0.00033984000000000005,0.00489798422729887
2002-04-30 00:00:00,0,0.00033984000000000005,0.00489798422729887
2002-05-31 00:00:00,0,0.00033984000000000005,0.00490168422729887
2002-06-30 00:00:00,0,0.00033984000000000005,0.00490881422729887
2002-07-31 00:00:00,0,0.00033984000000000005,0.0049388142272988695
2002-08-31 00:00:00,0,0.00033984000000000005,0.00494531422729887
2002-09-30 00:00:00,0,0.00033984000000000005,0.00496111422729887
2002-10-31 00:00:00,0,0.00033984000000000005,0.00497965422729887
2002-11-30 00:00:00,0,0.00033984000000000005,0.00498735422729887
2002-12-31 00:00:00,0,0.00033984000000000005,0.00504915422729887
2003-01-31 00:00:00,0,0.00033984000000000005,0.00508325422729887
2003-02-28 00:00:00,0,0.00033984000000000005,0.00508325422729887
2003-03-31 00:00:00,0,0.00033984000000000005,0.00508325422729887
2003-04-30 00:00:00,0,0.00033984000000000005,0.00508325422729887
2003-05-31 00:00:00,0,0.00033984000000000005,0.00508325422729887
2003-06-30 00:00:00,0,0.00033984000000000005,0.00508745422729887
2003-07-31 00:00:00,0,0.00033984000000000005,0.00509911422729887
2003-08-31 00:00:00,0,0.00033984000000000005,0.00512161422729887
2003-09-30 00:00:00,0,0.00033984000000000005,0.0051318742272988705
2003-10-31 00:00:00,0,0.00033984000000000005,0.00515299422729887
2003-11-30 00:00:00,0,0.00033984000000000005,0.00516323422729887
2003-12-31 00:00:00,0,0.00033984000000000005,0.00517623422729887
2004-01-31 00:00:00,0,0.00033984000000000005,0.00517623422729887
2004-02-29 00:00:00,0,0.00033984000000000005,0.005191354227298869
2004-03-31 00:00:00,0,0.00033984000000000005,0.00521345422729887
2004-04-30 00:00:00,0,0.00033984000000000005,0.0052534042272988695
2004-05-31 00:00:00,0,0.00033984000000000005,0.00528040422729887
2004-06-30 00:00:00,0,0.00033984000000000005,0.0052980842272988705
2004-07-31 00:00:00,0,0.00036984,0.00532205422729887
2004-08-31 00:00:00,0,0.00036984,0.00537175422729887
2004-09-30 00:00:00,0,0.00036984,0.005412718470320216
2004-10-31 00:00:00,0,0.00036984,0.005463268470320217
2004-11-30 00:00:00,0,0.00036984,0.005476268470320217
2004-12-31 00:00:00,0,0.00036984,0.005511008622423777
2005-01-31 00:00:00,0,0.00036984,0.0055378086224237765
2005-02-28 00:00:00,0,0.00036984,0.005543608622423777
2005-03-31 00:00:00,0,0.00036984,0.005577928622423777
2005-04-30 00:00:00,0,0.00036984,0.005591978622423777
2005-05-31 00:00:00,0,0.00036984,0.0056182786224237774
2005-06-30 00:00:00,0,0.00036984,0.005645928622423776
2005-07-31 00:00:00,0,0.00036984,0.005698388622423777
2005-08-31 00:00:00,0,0.00036984,0.0057323056224237775
2005-09-30 00:00:00,0,0.00036984,0.005749305622423777
2005-10-31 00:00:00,0,0.00036984,0.005796445622423777
2005-11-30 00:00:00,0,0.00036984,0.0058272256224237776
2005-12-31 00:00:00,0,0.00036984,0.005898635622423777
2006-01-31 00:00:00,0,0.00036984,0.005903635622423777
2006-02-28 00:00:00,0,0.00036984,0.005917635622423777
2006-03-31 00:00:00,0,0.00036984,0.005917635622423777
2006-04-30 00:00:00,0,0.00036984,0.005923635622423777
2006-05-31 00:00:00,0,0.00040184000000000004,0.0059581156224237765
2006-06-30 00:00:00,0,0.00045284000000000004,0.006000145622423777
2006-07-31 00:00:00,0,0.00045284000000000004,0.006018275622423777
2006-08-31 00:00:00,0,0.00045284000000000004,0.006034375622423776
2006-09-30 00:00:00,0,0.00045284000000000004,0.006070125622423777
2006-10-31 00:00:00,0,0.00045284000000000004,0.006077525622423777
2006-11-30 00:00:00,0,0.00045284000000000004,0.0060908856224237765
2006-12-31 00:00:00,0,0.00045284000000000004,0.006113355622423777
2007-01-31 00:00:00,0,0.00045284000000000004,0.006113355622423777
2007-02-28 00:00:00,0,0.00045284000000000004,0.006124355622423776
2007-03-31 00:00:00,0,0.00045284000000000004,0.006131955622423777
2007-04-30 00:00:00,0,0.00045284000000000004,0.006159626622423777
2007-05-31 00:00:00,0,0.00045284000000000004,0.006159626622423777
2007-06-30 00:00:00,0,0.00045284000000000004,0.006182476622423778
2007-07-31 00:00:00,0,0.0004948400000000001,0.006233776622423777
2007-08-31 00:00:00,0,0.0004948400000000001,0.006255856622423777
2007-09-30 00:00:00,0,0.0004948400000000001,0.006278706622423778
2007-10-31 00:00:00,0,0.0004948400000000001,0.006296906622423778
2007-11-30 00:00:00,0,0.0004948400000000001,0.006328126622423778
2007-12-31 00:00:00,0,0.0004948400000000001,0.006444136622423778
2008-01-31 00:00:00,0,0.0004948400000000001,0.006461016622423778
2008-02-29 00:00:00,0,0.0004948400000000001,0.006461016622423778
2008-03-31 00:00:00,0,0.0012198400000000002,0.006487756622423778
2008-04-30 00:00:00,0,0.0012198400000000002,0.006514656622423778
2008-05-31 00:00:00,0,0.00123064,0.006519336622423778
2008-06-30 00:00:00,0,0.00123064,0.006530355622423778
2008-07-31 00:00:00,0,0.00123064,0.006530355622423778
2008-08-31 00:00:00,0,0.00123064,0.006554485622423778
2008-09-30 00:00:00,0,0.00123064,0.006577125622423779
2008-10-31 00:00:00,0,0.00123064,0.006631705622423778
2008-11-30 00:00:00,0,0.00123064,0.006675065622423778
2008-12-31 00:00:00,0,0.00127314,0.0067058556224237785
2009-01-31 00:00:00,0,0.00127314,0.006735655622423778
2009-02-28 00:00:00,0,0.00127314,0.006740055622423778
2009-03-31 00:00:00,0,0.00127314,0.006786235622423778
2009-04-30 00:00:00,0,0.00134844,0.0068075056224237785
2009-05-31 00:00:00,0,0.00134844,0.0068565008267384995
2009-06-30 00:00:00,0,0.00134844,0.006861900826738499
2009-07-31 00:00:00,0,0.00136594,0.006887790826738499
2009-08-31 00:00:00,0,0.00136594,0.006932330826738499
2009-09-30 00:00:00,0,0.00136594,0.0069588408267385
2009-10-31 00:00:00,0,0.00145144,0.007032810826738499
2009-11-30 00:00:00,0,0.00145144,0.007126040826738499
2009-12-31 00:00:00,0,0.0015214100000000002,0.007274020826738499
2010-01-31 00:00:00,0,0.0015214100000000002,0.007280380826738498
2010-02-28 00:00:00,0,0.0015214100000000002,0.007324560826738499
2010-03-31 00:00:00,0,0.0016714100000000001,0.0074161708267384985
2010-04-30 00:00:00,0,0.0016714100000000001,0.007448520826738499
2010-05-31 00:00:00,0,0.0017473831818181817,0.007535900826738499
2010-06-30 00:00:00,0,0.001966523181818182,0.007759536826738499
2010-07-31 00:00:00,0,0.001978223181818182,0.007789416826738499
2010-08-31 00:00:00,0,0.002112223181818182,0.007839535935727263
2010-09-30 00:00:00,0,0.0022022231818181817,0.007992125935727264
2010-10-31 00:00:00,0,0.0022022231818181817,0.008037815935727263
2010-11-30 00:00:00,0,0.0022022231818181817,0.008109725935727263
2010-12-31 00:00:00,0,0.0022629431818181815,0.008254805935727264
2011-01-31 00:00:00,0,0.0022629431818181815,0.008278775935727263
2011-02-28 00:00:00,0,0.0022629431818181815,0.008303375935727263
2011-03-31 00:00:00,0,0.0022629431818181815,0.008370224379588754
2011-04-30 00:00:00,0,0.0022629431818181815,0.008480014379588754
2011-05-31 00:00:00,0,0.0022629431818181815,0.008631994379588753
2011-06-30 00:00:00,0,0.0023715131818181816,0.008910714804662212
2011-07-31 00:00:00,0,0.002430973181818182,0.009089745933137763
2011-08-31 00:00:00,0,0.002608513181818182,0.009163235933137764
2011-09-30 00:00:00,0,0.0026565131818181817,0.009386566199124787
2011-10-31 00:00:00,0,0.0026565131818181817,0.009584944596397514
2011-11-30 00:00:00,0,0.002718913181818182,0.010044024596397513
2011-12-31 00:00:00,0,0.002943913181818182,0.010626734596397513
2012-01-31 00:00:00,0,0.002943913181818182,0.010679534596397512
2012-02-29 00:00:00,0,0.0029871331818181815,0.010755574596397513
2012-03-31 00:00:00,0,0.0031501331818181814,0.011327441018176653
2012-04-30 00:00:00,0,0.0031501331818181814,0.011418191018176654
2012-05-31 00:00:00,0,0.0031501331818181814,0.011670051018176655
2012-06-30 00:00:00,0,0.0031501331818181814,0.011946131548392483
2012-07-31 00:00:00,0,0.0032271331818181817,0.012366493580918434
2012-08-31 00:00:00,0,0.0035955657744107744,0.012852692447365801
2012-09-30 00:00:00,0,0.0036992857744107743,0.013539922447365802
2012-10-31 00:00:00,0,0.003729285774410774,0.014613244469575369
2012-11-30 00:00:00,0,0.003814285774410774,0.01546142651914893
2012-12-31 00:00:00,0,0.003814285774410774,0.01608461391578844
2013-01-31 00:00:00,0,0.003870285774410774,0.01670162946625163
2013-02-28 00:00:00,0,0.003870285774410774,0.017245035880644858
2013-03-31 00:00:00,0,0.003908285774410774,0.018133423566893188
2013-04-30 00:00:00,0,0.003999549000217225,0.01929674216189319
2013-05-31 00:00:00,0,0.004190929000217226,0.020619732161893188
2013-06-30 00:00:00,0,0.004214929000217226,0.022268596350947915
2013-07-31 00:00:00,0,0.004273929000217226,0.024507356774552378
2013-08-31 00:00:00,0,0.004468429000217226,0.026684439456925852
2013-09-30 00:00:00,0,0.004710379000217225,0.028977067954532233
2013-10-31 00:00:00,0,0.0051674790002172255,0.03158896219476519
2013-11-30 00:00:00,0,0.0054347590002172255,0.03403075487151928
2013-12-31 00:00:00,0,0.005564759000217225,0.03587568387151927
2014-01-31 00:00:00,0,0.005747129000217226,0.03762346335358614
2014-02-28 00:00:00,0,0.006059459000217225,0.039475007353586146
2014-03-31 00:00:00,0,0.006667271719515471,0.04215498842512999
2014-04-30 00:00:00,0,0.006956504939854454,0.04528845842512999
2014-05-31 00:00:00,0,0.007261355819854454,0.04848169842512999
2014-06-30 00:00:00,0,0.007647155819854454,0.052040646704031725
2014-07-31 00:00:00,0,0.008277055819854455,0.05688519508685559
2014-08-31 00:00:00,0,0.008372055819854455,0.05987022016221864
2014-09-30 00:00:00,0.00793,0.008567355819854454,0.0639528350478762
2014-10-31 00:00:00,0.00953,0.009131335819854454,0.06742101411958802
2014-11-30 00:00:00,0.00953,0.009621495819854454,0.0706558986299119
2014-12-31 00:00:00,0.00953,0.009923095819854453,0.0734373386299119
2015-01-31 00:00:00,0.00953,0.010209895819854454,0.0758349460671447
2015-02-28 00:00:00,0.01223,0.010538895819854453,0.07805687896779448
2015-03-31 00:00:00,0.01223,0.011042225819854453,0.08135189896779448
2015-04-30 00:00:00,0.01223,0.011585625819854452,0.08478895420172165
2015-05-31 00:00:00,0.01223,0.012051125819854453,0.08861747420172167
2015-06-30 00:00:00,0.01223,0.012691325819854453,0.09300428110889959
2015-07-31 00:00:00,0.01223,0.012939025819854455,0.0980370431088996
2015-08-31 00:00:00,0.01823,0.013456075819854453,0.10209051805210462
2015-09-30 00:00:00,0.02023,0.013956755819854455,0.10700261189178853
2015-10-31 00:00:00,0.02023,0.014231455819854454,0.11204290689178853
2015-11-30 00:00:00,0.02023,0.015231405819854455,0.11705456075593051
2015-12-31 00:00:00,0.02023,0.015422505819854456,0.12220873637344419
2016-01-31 00:00:00,0.02341,0.015831505819854454,0.1265064330708473
2016-02-29 00:00:00,0.02341,0.016057745819854457,0.13150187807084732
2016-03-31 00:00:00,0.02341,0.017060895819854458,0.1370732160708473
2016-04-30 00:00:00,0.02341,0.017622895819854458,0.14314942986078902
2016-05-31 00:00:00,0.02341,0.017887155819854457,0.14922460518211275
2016-06-30 00:00:00,0.02441,0.018355019006988958,0.15756879018211276
2016-07-31 00:00:00,0.035197,0.018831719006988958,0.16522543018211275
2016-08-31 00:00:00,0.085495,0.01916559900698896,0.17277327518211277
2016-09-30 00:00:00,0.117995,0.019561629250232204,0.18056447910859996
2016-10-31 00:00:00,0.135995,0.020005629250232203,0.18787410710859997
2016-11-30 00:00:00,0.132995,0.020479709250232205,0.19532962484628014
2016-12-31 00:00:00,0.148941,0.020845709250232203,0.20117453284628015
2017-01-31 00:00:00,0.148941,0.021353209250232204,0.20695924197409152
2017-02-28 00:00:00,0.148941,0.022207009250232203,0.21393425197409152
2017-03-31 00:00:00,0.151141,0.023715809250232204,0.22420780197409151
2017-04-30 00:00:00,0.167041,0.024227293250232203,0.23431910427100927
2017-05-31 00:00:00,0.170771,0.024749593250232203,0.2466341239162814
2017-06-30 00:00:00,0.191301,0.025294376466165117,0.2598760382724641
2017-07-31 00:00:00,0.2276,0.025749464544193867,0.2737672544528494
2017-08-31 00:00:00,0.23,0.026310284544193867,0.2872669744528494
2017-09-30 00:00:00,0.2454,0.027496224544193863,0.30160394905175714
2017-10-31 00:00:00,0.2454,0.028825744544193864,0.31564152015306446
2017-11-30 00:00:00,0.2481,0.030112404544193866,0.3297855377542639
2017-12-31 00:00:00,0.24935,0.03178106454419387,0.3391797456325281
2018-01-31 00:00:00,0.25235,0.03312881454419387,0.35298132486465955
2018-02-28 00:00:00,0.25235,0.034013114544193875,0.3640910348646596
2018-03-31 00:00:00,0.25235,0.035119594544193874,0.37765989486465956
2018-04-30 00:00:00,0.3075,0.03602941454419387,0.39218558151597277
2018-05-31 00:00:00,0.373,0.03782971454419388,0.408220665676652
2018-06-30 00:00:00,0.398499,0.03915071454419388,0.42503275033049215
2018-07-31 00:00:00,0.408187,0.04066387454419388,0.4434652203304921
2018-08-31 00:00:00,0.412987,0.04173169454419388,0.46099247533049215
2018-09-30 00:00:00,0.419487,0.045077064544193884,0.4790385794905743
2018-10-31 00:00:00,0.419487,0.04713562454419388,0.4984842078827359
2018-11-30 00:00:00,0.444987,0.04878978454419389,0.5161119391536961
2018-12-31 00:00:00,0.447927,0.050834324544193885,0.5283064205863066
2019-01-31 00:00:00,0.451287,0.05384771286054208,0.5480487905863066
2019-02-28 00:00:00,0.451287,0.05533761286054208,0.5661088008805848
2019-03-31 00:00:00,0.476177,0.05732855261729884,0.5892507858805848
2019-04-30 00:00:00,0.476177,0.059244303975608155,0.6169655785220128
2019-05-31 00:00:00,0.501677,0.060947073975608154,0.6478159751630118
2019-06-30 00:00:00,0.504417,0.06309027397560815,0.6762733731630118
2019-07-31 00:00:00,0.531517,0.06647457667569458,0.711847094712485
2019-08-31 00:00:00,0.531517,0.06926188670405155,0.7434014880102412
2019-09-30 00:00:00,0.531517,0.07322715713091005,0.7785453251604832
2019-10-31 00:00:00,0.531517,0.07655033625091005,0.8185497022650657
2019-11-30 00:00:00,0.531517,0.08074003217783025,0.8553798402650657
2019-12-31 00:00:00,0.533024,0.08515658752218683,0.879609448818742
2020-01-31 00:00:00,0.534624,0.08879355752218683,0.927179534818742
2020-02-29 00:00:00,0.5455824,0.09230071752218684,0.9638510952441657
2020-03-31 00:00:00,0.5455824,0.09740174752218683,1.0135928412427473
2020-04-30 00:00:00,0.5455824,0.10161185433505233,1.0650994272682042
2020-05-31 00:00:00,0.5455824,0.10591634433505234,1.1190054208450286
2020-06-30 00:00:00,0.5455824,0.11152561433505234,1.1760938930241174
2020-07-31 00:00:00,0.5530824,0.11598489433505235,1.2482704984114472
2020-08-31 00:00:00,0.5530824,0.12033150433505235,1.3111159935290597
2020-09-30 00:00:00,0.5530824,0.1249146482215908,1.3911327080540599
2020-10-31 00:00:00,0.5552304,0.1307048252215908,1.4782941950793853
2020-11-30 00:00:00,0.6078604000000001,0.1383114644762245,1.562397237945743
2020-12-31 00:00:00,0.6234354,0.1443000544762245,1.6277171289826857
2021-01-31 00:00:00,0.6335754,0.15002238751413727,1.7012392638736262
2021-02-28 00:00:00,0.6398194,0.1550696526407096,1.7651037948233907
2021-03-31 00:00:00,0.6398194,0.1637525326407096,1.8613738397260249
2021-04-30 00:00:00,0.6398194,0.17120493545258708,1.9599953098697072
2021-05-31 00:00:00,0.6398194,0.1777320054525871,2.0601389072647533
2021-06-30 00:00:00,0.6398194,0.1852801261979534,2.179809910458785
2021-07-31 00:00:00,0.6398194,0.1909507861979534,2.301058906616033
2021-08-31 00:00:00,0.6498194,0.19806689619795337,2.40799500446239
2021-09-30 00:00:00,0.6498194,0.20384869619795337,2.5378788599572055
2021-10-31 00:00:00,0.6539094,0.2093801588203935,2.66717318784414
2021-11-30 00:00:00,0.6554624,0.216299057096515,2.793868582865663
2021-12-31 00:00:00,0.6742824000000001,0.22693770363296206,2.8863177307106485
2022-01-31 00:00:00,0.6916534,0.2331842108742549,3.000291551709798
2022-02-28 00:00:00,0.6916534,0.23905941087425492,3.1196477357418537
2022-03-31 00:00:00,0.6927214,0.24639265770603974,3.282714819607836
2022-04-30 00:00:00,0.7135804,0.25476773735433683,3.4228278795468845
2022-05-31 00:00:00,0.7238084,0.2643813673543368,3.58847132784173
2022-06-30 00:00:00,0.7335484,0.27330422735433685,3.7475178687593385
2022-07-31 00:00:00,0.7352484,0.2839665192318217,3.9005255060210806
2022-08-31 00:00:00,0.74608888,0.29636219305293304,4.123081106559225
2022-09-30 00:00:00,0.78735048,0.30954492260310124,4.343468665127866
2022-10-31 00:00:00,0.82347848,0.3194847426031012,4.541439849453255
2022-11-30 00:00:00,0.9215496799999999,0.3315416026031012,4.739289190483721
2022-12-31 00:00:00,1.22398768,0.34377929092748366,4.857763992693032
2023-01-31 00:00:00,1.24745968,0.36461857485209487,5.266039959182334
2023-02-28 00:00:00,1.25913668,0.38056755986766877,5.6215818075126105
2023-03-31 00:00:00,1.28271988,0.39851466947727243,6.080868335462431
2023-04-30 00:00:00,1.32281408,0.41551292345757307,6.472273783640905
2023-05-31 00:00:00,1.33194508,0.43427536860534605,6.95689759577878
2023-06-30 00:00:00,1.3562554799999997,0.4550852561758737,7.498522418166122
2023-07-31 00:00:00,1.3562554799999997,0.4763395858503155,8.033715535751092
2023-08-31 00:00:00,1.3562554799999997,0.5009913768827301,8.56756523111775
2023-09-30 00:00:00,1.4137576799999998,0.5237965026103585,9.093260790407502
2023-10-31 00:00:00,1.4472396799999998,0.5481561239910638,9.590108129262177
2023-11-30 00:00:00,1.5234024799999997,0.5725557981025172,10.082442252861892
2023-12-31 00:00:00,1.5347144799999997,0.5947304717883286,10.417428256794453
2024-01-31 00:00:00,1.6218304799999999,0.6267688598825724,10.849784341462016
2024-02-29 00:00:00,1.6903324799999997,0.645213522147662,11.218772007646882
2024-03-31 00:00:00,1.7023744799999998,0.6674469228067678,11.643080718730857
2024-04-30 00:00:00,1.7543252799999998,0.6951663683300147,12.113484605284773
2024-05-31 00:00:00,1.7704192799999998,0.7205046473083762,12.553568285111217
2024-06-30 00:00:00,1.7940442799999998,0.7466000423788953,13.005438679089345
2024-07-31 00:00:00,1.8648415799999998,0.7749217439450667,13.515699108785919
2024-08-31 00:00:00,1.93842768,0.7995651361642645,13.915951870004896
2024-09-30 00:00:00,1.96349168,0.8225572634435583,14.323748254576087
2024-10-31 00:00:00,1.9796226799999999,0.8501279933681395,14.738298680502844
2024-11-30 00:00:00,2.13887563,0.8810510203626472,15.131052387462056
2024-12-31 00:00:00,2.35430223,0.9171356507454604,15.487829419566255
2025-01-31 00:00:00,2.36316123,0.9663717398641831,15.857973035701491
2025-02-28 00:00:00,2.53893923,0.9938864012641829,16.183717335451107
2025-03-31 00:00:00,2.82192913,1.0193960294716726,16.5344346483486
2025-04-30 00:00:00,2.85465613,1.0492531314774638,16.916573431207517
2025-05-31 00:00:00,2.89960283,1.0790480203614166,17.323030069024917
2025-06-30 00:00:00,3.0443851299999998,1.113292458859602,17.727198342060706
2025-07-31 00:00:00,3.11528385,1.1652187405002903,18.21145018297676
2025-08-31 00:00:00,3.22041785,1.199705569847667,18.595713810607112
2025-09-30 00:00:00,3.24984725,1.2383897340829169,19.014108323223386
2025-10-31 00:00:00,3.37460125,1.2707022408896977,19.406538494833562
2025-11-30 00:00:00,3.65933535,1.3075749422685177,19.779285180335606
2025-12-31 00:00:00,4.0545931600000005,1.3565769603817752,20.100999420501307
2026-01-31 00:00:00,4.50132116,1.400939335810318,20.408047186782508
2026-02-28 00:00:00,4.55169916,1.4389654486185794,20.66810221440071
2026-03-31 00:00:00,5.26130896,1.4918157322034564,21.08709522696037
2026-04-30 00:00:00,5.54371596,1.541386187593695,21.524380310642176
2026-05-31 00:00:00,5.7180053,1.5851416244489929,21.946403024606226
2026-06-30 00:00:00,6.3721143,1.634759911845011,22.353713574560356
2026-07-31 00:00:00,7.01202467,1.676888300494107,22.69459810020268
2026-08-31 00:00:00,7.29554847,1.7005313016003916,22.99465195994362